temperatura_media,temperatura_min,temperatura_max,temperatura_std,delta_medio,delta_abs_medio,delta_max_positivo,delta_max_negativo,variacao_total
24.967741935483872,24.1,25.9,0.4377115463972389,-0.003333333333333381,0.4899999999999996,1.7999999999999972,-1.3999999999999986,1.7999999999999972
