,Temperatura,Umidade,Pressao,Velocidade_Vento,Radiacao,Precipitacao
Temperatura,1.0,-0.943909258619725,-0.08193260875537957,0.6151118816012291,0.8769575019783102,-0.1197753071510551
Umidade,-0.943909258619725,1.0,0.025877313511395442,-0.6621611080961769,-0.8085301721368561,0.14420940420362316
Pressao,-0.08193260875537957,0.025877313511395442,1.0,0.09385047026267046,0.034317992156920656,-0.05592292940059599
Velocidade_Vento,0.6151118816012291,-0.6621611080961769,0.09385047026267046,1.0,0.6112070806503911,0.007907830209130884
Radiacao,0.8769575019783102,-0.8085301721368561,0.034317992156920656,0.6112070806503911,1.0,-0.0637557317827883
Precipitacao,-0.1197753071510551,0.14420940420362316,-0.05592292940059599,0.007907830209130884,-0.0637557317827883,1.0
